Number of Episodes,Rewards
4500,-234.9342662
4590,-231.78737130000002
4680,-230.35980598
4770,-228.17913476
4860,-231.27289613999997
4950,-229.83903314
5040,-225.96594744
5130,-224.99035514
5220,-224.62164932
5310,-221.98152912
5400,-221.44697218000002
5490,-216.76392178
5580,-212.70012218
5670,-213.91739389999998
5760,-215.16186248
5850,-216.83898948
5940,-217.02686161999998
6030,-215.63139422
6120,-214.78575433999998
6210,-212.14884594
6300,-214.84443438000002
6390,-214.11208182000001
6480,-212.81802424
6570,-209.22437997999998
6660,-206.0168799
6750,-205.07952282000002
6840,-205.09180532000002
6930,-208.4491922
7020,-210.5745469
7110,-209.78276666
7200,-210.04909881999998
7290,-212.56965978
7380,-209.14824138
7470,-207.90705008
7560,-206.25423931999998
7650,-204.6713524
7740,-206.6071781
7830,-205.82936388000002
7920,-202.05876479999998
8010,-202.87700249999997
8100,-197.499577
8190,-197.53351130000001
8280,-195.19363252000002
8370,-195.3335407
8460,-193.67402820000004
8550,-189.36827822000004
8640,-189.50608924
8730,-190.43875281999996
8820,-187.32874031999998
8910,-184.35046374000004
9000,-183.89761896000002
9090,-183.4304616
9180,-184.62780574
9270,-184.55354856000002
9360,-181.39795486000003
9450,-179.8661295
9540,-180.08876006
9630,-178.16252334
9720,-180.15497444000002
9810,-178.37673168000003
9900,-177.74818342000003
9990,-179.75121788
10080,-179.85679992000001
10170,-176.34474094000004
10260,-173.62790926000005
10350,-171.03409482000004
10440,-167.59599968
10530,-166.08978660000002
10620,-166.02543970000002
10710,-167.62892852
10800,-164.09876612
10890,-164.29854174000002
10980,-163.70547346
11070,-164.10395342
11160,-163.32008284000003
11250,-160.72973784000004
11340,-158.75606512000002
11430,-157.40636016000002
11520,-155.64245526
11610,-156.3720381
11700,-155.95707676
11790,-153.09538211999998
11880,-153.42520086000002
11970,-152.93124198000004
12060,-152.54926958
12150,-154.3924935
12240,-154.22376814
12330,-153.88059482000003
12420,-153.20410226
12510,-151.08577398
12600,-150.14330992
12690,-148.84991766000002
12780,-148.48702544
12870,-147.17651798
12960,-147.09719874
13050,-146.87635186000003
13140,-145.30324592000002
13230,-144.01253216
13320,-143.04548118
13410,-143.60599956
13500,-142.76875483999999
13590,-142.90675828000002
13680,-141.66053246
13770,-140.90071858000002
13860,-139.88698518
13950,-140.16181498
14040,-139.3856921
14130,-137.20924102
14220,-134.14955224
14310,-134.48245220000004
14400,-133.07034336
14490,-129.78040956
14580,-129.24916774000002
14670,-129.55694624
14760,-130.06840806
14850,-128.28362832000002
14940,-126.94846132
15030,-127.27270704000001
15120,-126.64413856000002
15210,-124.64112510000001
15300,-124.36031264
15390,-123.51033932
15480,-124.657084
15570,-123.81176436
15660,-123.45009150000001
15750,-122.84841292
15840,-122.4561302
15930,-119.78574264000001
16020,-118.1035244
16110,-116.88058476
16200,-116.37991190000001
16290,-116.52423406000001
16380,-116.38636208000001
16470,-115.28693333999999
16560,-114.03613849999999
16650,-111.99917943999999
16740,-110.89939844
16830,-110.09799863999999
16920,-110.18479975999999
17010,-110.64788072
17100,-109.12310782000002
17190,-108.48276284
17280,-108.11754354
17370,-108.08833268000001
17460,-107.87313261999999
17550,-107.65807969999999
17640,-107.25871604000001
17730,-107.14543712000001
17820,-107.16499950000001
17910,-106.11819408000001
18000,-106.1298569
18090,-105.68326358
18180,-103.96206747999999
18270,-103.3551949
18360,-103.22562676
18450,-102.1869565
18540,-101.4724975
18630,-101.44937546
18720,-100.61046274
18810,-99.18273353999999
18900,-98.56216626000001
18990,-98.42475416000002
19080,-97.69962500000001
19170,-97.19246316
19260,-96.1382907
19350,-95.85318336
19440,-95.74295615999999
19530,-95.42702458
19620,-94.98471068
19710,-93.41046742
19800,-92.89955264000001
19890,-91.69600822
19980,-90.11041567999999
20070,-89.13275339999998
20160,-88.18392914
20250,-88.64703392000001
20340,-88.35264018000001
20430,-88.12013362
20520,-87.81263292000001
20610,-86.83103706000001
20700,-86.1065981
20790,-85.46912697999998
20880,-84.73801088
20970,-84.0748381
21060,-83.8016157
21150,-83.23356298000002
21240,-81.5251195
21330,-79.77190343999999
21420,-78.7312649
21510,-77.5428243
21600,-77.73609729999998
21690,-77.6749569
21780,-77.71433914
21870,-77.9118706
21960,-77.71145346
22050,-77.63826567999999
22140,-77.17651911999998
22230,-76.68473073999999
22320,-76.09404598
22410,-75.87427518000001
22500,-74.66730646
22590,-74.20318664
22680,-73.91905956000001
22770,-72.74833410000001
22860,-71.42285131999999
22950,-71.17749268
23040,-70.42828764000001
23130,-70.14871774
23220,-69.54123295999999
23310,-69.31328002
23400,-69.44247226
23490,-69.16226094
23580,-68.63775514
23670,-68.17549416
23760,-67.88828804
23850,-67.44898084
23940,-66.7670092
24030,-65.62139846000001
24120,-65.42462678000001
24210,-65.41824814
24300,-65.61783202
24390,-65.81158766
24480,-65.4286007
24570,-64.89164266
24660,-64.63082754
24750,-64.40253142
24840,-64.11213550000001
24930,-63.9809971
25020,-63.40395472
25110,-63.4763626
25200,-63.544400540000005
25290,-63.13229684
25380,-62.79844466
25470,-62.818237200000006
25560,-62.03221252000001
25650,-61.1661683
25740,-61.24697476
25830,-61.03428418
25920,-60.85564380000001
26010,-60.35329928
26100,-60.221698460000006
26190,-59.896277360000006
26280,-59.584612740000004
26370,-58.74966102
26460,-58.09438532
26550,-57.65192134000001
26640,-56.72704138
26730,-56.47824694
26820,-55.91617224
26910,-55.24570036
27000,-54.8408499
27090,-53.76315322
27180,-54.14816784
27270,-55.02776802
27360,-55.42565690000001
27450,-54.882058719999996
27540,-55.10265214
27630,-54.400952319999995
27720,-54.127545919999996
27810,-53.83576086000001
27900,-53.5695604
27990,-53.28127356
28080,-52.516950140000006
28170,-52.91668218
28260,-52.32811734
28350,-51.872200140000004
28440,-51.77512664
28530,-51.89775076
28620,-51.3666385
28710,-50.98164164
28800,-50.50899578000001
28890,-49.77951606000001
28980,-49.23891646000001
29070,-48.703822300000006
29160,-47.772106740000005
29250,-46.905222220000006
29340,-46.66983546000001
29430,-46.3468517
29520,-46.0579859
29610,-45.7184866
29700,-44.804896160000006
29790,-44.33721408
29880,-44.333408260000006
29970,-44.026774339999996
30060,-44.43542324
30150,-44.852500240000005
30240,-44.85714274
30330,-45.96947686
30420,-45.6749796
30510,-46.063788460000005
30600,-46.023061940000005
30690,-45.72701764
30780,-45.30177674
30870,-45.16695516
30960,-44.05179496
31050,-43.804451979999996
31140,-43.59490012
31230,-43.275965160000005
31320,-43.47888242
31410,-43.9923945
31500,-44.19103456
31590,-44.327481119999995
31680,-43.42300646
31770,-42.58844592
31860,-42.1495052
31950,-42.032136140000006
32040,-42.26055288
32130,-42.09198429999999
32220,-42.34862654
32310,-42.50776578000001
32400,-42.34226558
32490,-42.10100323999999
32580,-42.413175779999996
32670,-41.95047912
32760,-41.78993878
32850,-41.64071342
32940,-41.42901106000001
33030,-41.26315392000001
33120,-41.84997736000001
33210,-41.29521786000001
33300,-41.069114240000005
33390,-40.92050364
33480,-40.9324132
33570,-40.85573214000001
33660,-41.00840274
33750,-41.153736220000006
33840,-41.192422140000005
33930,-41.35984032
34020,-41.43196628
34110,-41.77532712
34200,-42.21232254
34290,-42.7100186
34380,-42.46184495999999
34470,-42.34326428
34560,-41.499707560000004
34650,-41.07679764000001
34740,-40.62190836
34830,-39.0442187
34920,-39.306561120000005
35010,-39.478565360000005
35100,-39.156178180000005
35190,-38.99206572
35280,-38.99834982
35370,-38.69988612
35460,-39.02269758
35550,-39.37652034
35640,-39.767514260000006
35730,-39.77038838000001
35820,-39.141735020000006
35910,-38.704359139999994
36000,-38.28565377999999
36090,-38.3000141
36180,-38.718884239999994
36270,-39.26894168
36360,-39.50435348
36450,-39.1576731
36540,-38.71488632
36630,-39.45458756
36720,-39.871175820000005
36810,-39.589717740000005
36900,-39.07610304
36990,-38.98343764
37080,-39.29265980000001
37170,-39.145630020000006
37260,-38.87306388000001
37350,-38.82596084000001
37440,-38.53647754000001
37530,-38.533185700000004
37620,-37.68924804
37710,-37.641090760000004
37800,-37.36548118
37890,-37.6981233
37980,-37.77219516
38070,-37.81465216
38160,-38.180733100000005
38250,-38.670139580000004
38340,-38.51001620000001
38430,-38.77414668000001
38520,-39.04618038000001
38610,-38.74147604
38700,-38.332698719999996
38790,-37.923888819999995
38880,-37.84016216
38970,-37.725594220000005
39060,-37.893719340000004
39150,-38.19367298
39240,-37.69850984
39330,-37.96955496
39420,-37.496825460000004
39510,-36.7057829
39600,-37.14220454
39690,-36.99672332
39780,-36.477917360000006
39870,-36.17456924
39960,-35.82985712
40050,-36.083818300000004
40140,-36.3588704
40230,-36.0423192
40320,-36.50336074
40410,-36.28643639999999
40500,-36.256045199999996
40590,-35.961796060000005
40680,-35.81744178000001
40770,-35.24181676
40860,-35.291887579999994
40950,-35.39195824
41040,-35.44493636
41130,-34.96890936
41220,-35.00774626
41310,-34.69628296
41400,-35.27706644
41490,-35.831000259999996
41580,-35.140527240000004
41670,-34.96312452000001
41760,-34.84218384
41850,-35.1330234
41940,-35.48763682
42030,-35.31657394
42120,-36.17265672
42210,-36.63465420000001
42300,-36.92180662
42390,-36.958974780000005
42480,-37.08048492
42570,-37.53832426
42660,-37.89788840000001
42750,-36.739437980000005
42840,-36.6700473
42930,-36.615461159999995
43020,-36.3051259
43110,-35.78392228
43200,-35.7985817
43290,-35.682035559999996
43380,-35.783686360000004
43470,-35.971406900000005
43560,-35.86440074
43650,-36.2518994
43740,-37.18804538
43830,-37.39926824
43920,-37.764233579999996
44010,-38.1322865
44100,-37.155373780000005
44190,-37.02842192000001
44280,-37.6824644
44370,-37.7830485
44460,-38.24989628000001
44550,-37.21770306
44640,-36.640013180000004
44730,-37.04234290000001
44820,-36.88570574
44910,-37.462390400000004
45000,-37.858063619999996
45090,-37.68543394
45180,-37.52144666
45270,-37.407619700000005
45360,-36.926015740000004
45450,-36.952323160000006
45540,-36.986589280000004
45630,-36.986686219999996
45720,-36.589934119999995
45810,-36.71414418
45900,-36.47150782
45990,-36.47657936
46080,-36.68373074
46170,-37.19766928
46260,-37.7265025
46350,-37.76908464
46440,-37.116843100000004
46530,-37.31928818000001
46620,-36.313942340000004
46710,-36.20193232
46800,-35.57773024
46890,-35.32148314
46980,-34.921144819999995
47070,-34.62846242
47160,-33.972879459999994
47250,-34.420067079999995
47340,-33.76411486000001
47430,-32.95983342
47520,-32.783261059999994
47610,-32.641683900000004
47700,-33.061477839999995
47790,-32.997473219999996
47880,-32.58022994
47970,-32.190854480000006
48060,-32.96955494
48150,-33.160487440000004
48240,-32.3859786
48330,-31.83350314
48420,-31.639670040000002
48510,-31.767431540000004
48600,-32.05262464
48690,-32.153319159999995
48780,-31.858746
48870,-31.72992242
48960,-31.522701080000004
49050,-31.933842860000002
49140,-32.322258260000005
49230,-32.00720268
49320,-32.0645272
49410,-31.88213618
49500,-31.57366484
49590,-31.665549220000003
49680,-31.883235820000003
49770,-32.2823553
49860,-32.64803568
49950,-33.03126736
50040,-32.53847314
50130,-32.77098822
50220,-32.23171738
50310,-32.6510545
50400,-32.39028456
50490,-32.11037208
50580,-31.8181887
50670,-31.805442380000002
50760,-31.482131300000002
50850,-31.516139800000005
50940,-31.397200180000002
51030,-30.87168918
51120,-30.7978195
51210,-30.34458582
51300,-30.506361039999998
51390,-30.86478996
51480,-31.09685826
51570,-31.031295460000003
51660,-31.116565
51750,-30.944670479999996
51840,-31.01110592
51930,-31.1533112
52020,-31.55464416
52110,-31.83784706
52200,-31.422360300000005
52290,-31.639552880000004
52380,-32.362043639999996
52470,-32.3182977
52560,-31.5600947
52650,-30.71422114
52740,-30.92993362
52830,-31.315028539999997
52920,-31.744097659999998
53010,-31.594765219999996
53100,-31.65847282
53190,-31.51623534
53280,-31.66056964
53370,-31.736266620000002
53460,-31.520423479999998
53550,-31.30328412
53640,-30.92487088
53730,-31.04234408
53820,-31.2278739
53910,-30.498545619999998
54000,-30.44022946
54090,-30.4023679
54180,-30.04409408
54270,-29.728271000000007
54360,-29.43898424
54450,-29.066623560000004
54540,-29.062805420000004
54630,-29.03768296
54720,-29.06853074
54810,-29.25715928
54900,-29.332545520000004
54990,-29.419801000000003
55080,-29.78706284
55170,-29.35354672
55260,-29.60891212
55350,-28.975683340000003
55440,-29.44161054
55530,-29.719767479999998
55620,-30.10116124
55710,-30.4344883
55800,-31.086851019999997
55890,-31.08850216
55980,-31.650087380000002
56070,-31.9956603
56160,-31.556773800000002
56250,-31.918561320000002
56340,-32.26733688
56430,-32.651536300000004
56520,-33.35126744
56610,-33.20936018
56700,-32.9595864
56790,-33.4422723
56880,-32.93421052
56970,-32.95469692
57060,-32.893096879999995
57150,-33.13557555999999
57240,-32.809400139999994
57330,-33.22122114
57420,-32.60567844
57510,-32.29953388
57600,-32.118101519999996
57690,-32.86599792
57780,-32.67854978
57870,-32.67691174
57960,-33.031460179999996
58050,-33.0927991
58140,-32.78787322
58230,-32.74669918000001
58320,-32.70322642
58410,-33.40349380000001
58500,-33.079555140000004
58590,-33.34989986000001
58680,-33.38218696
58770,-33.613327579999996
58860,-33.81594436
58950,-34.1146701
59040,-34.02950218
59130,-33.77511374
59220,-34.385436860000006
59310,-33.898632240000005
59400,-33.629326080000006
59490,-34.04927546
59580,-33.77019116
59670,-33.72127746
59760,-33.573222740000006
59850,-34.10520762
59940,-34.18114742
60030,-34.21383256
60120,-33.99315085999999
60210,-33.7940231
60300,-33.5169038
60390,-33.52481816
60480,-32.773089320000004
60570,-32.3713112
60660,-32.70636858
60750,-32.35772288
60840,-32.2219176
60930,-31.98585906
61020,-31.14318072
61110,-30.844641019999997
61200,-30.9858925
61290,-30.48651572
61380,-30.19208204
61470,-30.23949374
61560,-30.225465
61650,-30.14471858
61740,-30.146869799999997
61830,-29.938748479999994
61920,-30.058226119999997
62010,-30.078381320000002
62100,-30.46342294
62190,-29.67870952
62280,-29.649269860000004
62370,-29.44931246
62460,-29.11382424
62550,-29.00239004
62640,-29.386580480000003
62730,-29.122490940000002
62820,-29.12024054
62910,-28.71656926
63000,-29.3565969
63090,-29.305677460000002
63180,-29.65920244
63270,-29.55142612
63360,-29.782615240000002
63450,-29.300041820000004
63540,-29.2520634
63630,-29.329513679999998
63720,-28.82220588
63810,-28.86187748
63900,-29.24847778
63990,-28.72566022
64080,-29.093689700000002
64170,-28.76565328
64260,-28.75007382
64350,-28.70221228
64440,-28.722256
64530,-28.9953599
64620,-29.348237500000003
64710,-29.372011360000002
64800,-29.287606580000002
64890,-29.0658339
64980,-29.443836100000002
65070,-29.526969340000004
65160,-29.633145220000007
65250,-29.755382600000004
65340,-29.745881580000002
65430,-29.703674860000003
65520,-29.5139451
65610,-29.8177027
65700,-29.937398320000003
65790,-29.73771782
65880,-29.862437340000003
65970,-29.904619260000004
66060,-29.518534800000005
66150,-29.32822338
66240,-29.714608600000002
66330,-29.179960480000002
66420,-29.004365040000003
66510,-29.25156628
66600,-28.870550559999998
66690,-28.7771084
66780,-28.92410174
66870,-28.97525024
66960,-28.98568208
67050,-29.16124392
67140,-29.12364102
67230,-29.21254056
67320,-28.8307416
67410,-28.507796499999998
67500,-28.15486516
67590,-28.119979439999998
67680,-27.55871634
67770,-27.22891874
67860,-26.972695560000002
67950,-27.02183354
68040,-27.219232159999997
68130,-27.06640998
68220,-27.135895420000004
68310,-26.98089512
68400,-26.99593742
68490,-26.92551588
68580,-26.63906376
68670,-26.9153059
68760,-26.74279782
68850,-26.70619724
68940,-26.619933160000002
69030,-25.986795720000003
69120,-25.550650680000004
69210,-25.526860260000003
69300,-25.068800820000003
69390,-24.830911
69480,-24.87732582
69570,-24.71327844
69660,-24.52500176
69750,-24.40562802
69840,-24.241499060000002
69930,-23.88921312
70020,-23.859680060000006
70110,-23.82041454
70200,-23.601610500000003
70290,-23.7916927
70380,-24.019295940000003
70470,-24.083642120000004
70560,-24.309468900000002
70650,-24.08911734
70740,-24.03169466
70830,-24.15153394
70920,-24.133280199999998
71010,-24.299260739999998
71100,-24.35331716
71190,-24.51588664
71280,-24.245638400000004
71370,-24.31484036
71460,-24.31182972
71550,-24.00874228
71640,-23.79016114
71730,-23.76917942
71820,-23.5278925
71910,-23.682699059999997
72000,-23.58598894
72090,-23.58291004
72180,-23.838679980000002
72270,-23.99596504
72360,-23.857870320000004
72450,-23.84906226
72540,-23.564989639999997
72630,-23.770150419999997
72720,-23.99663924
72810,-23.93130974
72900,-23.543684719999998
72990,-23.43648722
73080,-23.20553276
73170,-23.14425702
73260,-23.352383460000002
73350,-23.02731906
73440,-22.863819040000003
73530,-23.058980280000004
73620,-23.04973388
73710,-23.03121888
73800,-23.2736923
73890,-23.51965308
73980,-23.33764694
74070,-23.32611834
74160,-23.223660920000004
74250,-22.990741520000004
74340,-23.17623662
74430,-23.573663800000002
74520,-23.518843999999998
74610,-23.41335376
74700,-23.43760658
74790,-23.124683400000002
74880,-22.89311086
74970,-22.88134024
75060,-22.65824448
75150,-22.769884660000002
75240,-22.354301360000004
75330,-22.112667140000003
75420,-22.12887262
75510,-21.979353200000002
75600,-21.816861760000002
75690,-21.629012999999997
75780,-21.662004359999997
75870,-21.55010776
75960,-21.44063382
76050,-21.5883656
76140,-21.71308852
76230,-21.805381940000004
76320,-21.98606218
76410,-21.91453846
76500,-21.877163180000004
76590,-21.627812160000005
76680,-21.3679961
76770,-21.496855099999998
76860,-21.36508004
76950,-21.42061406
77040,-21.5228476
77130,-21.06935126
77220,-20.8628703
77310,-21.130482760000003
77400,-21.23578538
77490,-21.297321399999998
77580,-21.30845408
77670,-21.12133502
77760,-20.97625568
77850,-21.12761746
77940,-20.93880034
78030,-21.000847
78120,-21.11116844
78210,-21.085994900000003
78300,-20.89458096
78390,-20.642816800000002
78480,-20.468019379999998
78570,-20.786421599999997
78660,-20.726302259999997
78750,-20.88666774
78840,-20.87858698
78930,-20.57799896
79020,-20.53624248
79110,-20.705155320000003
79200,-20.5294002
79290,-20.65052498
79380,-20.513183619999996
79470,-20.603139179999996
79560,-20.585843859999997
79650,-20.81925312
79740,-20.912954499999998
79830,-20.91632058
79920,-20.918939700000003
80010,-20.548588140000003
80100,-20.40394818
80190,-20.52569226
80280,-20.390862600000002
80370,-20.51760408
80460,-20.442921820000002
80550,-20.357514180000003
80640,-20.1703107
80730,-20.12808732
80820,-20.24123668
80910,-20.22428216
81000,-20.150106660000002
81090,-20.182956259999997
81180,-20.16389322
81270,-19.965947059999998
81360,-19.829226679999998
81450,-19.81939582
81540,-19.78010228
81630,-19.815954440000002
81720,-19.615349020000004
81810,-19.362480120000004
81900,-19.33081538
81990,-19.23631884
82080,-19.121559200000004
82170,-19.50060944
82260,-19.402732859999997
82350,-19.248343300000002
82440,-19.2362487
82530,-19.0451015
82620,-18.8469933
82710,-18.786797919999998
82800,-18.681484719999997
82890,-18.78756942
82980,-18.73706546
83070,-18.63198874
83160,-18.617949659999997
83250,-18.67696108
83340,-18.488542940000002
83430,-18.47239318
83520,-18.691602879999998
83610,-18.43848872
83700,-18.55251358
83790,-18.559451959999997
83880,-18.73324834
83970,-18.52657768
84060,-18.53222378
84150,-18.13635604
84240,-18.08381216
84330,-18.05153596
84420,-17.98136348
84510,-18.04771894
84600,-18.12493032
84690,-17.92519536
84780,-17.99303566
84870,-17.8429121
84960,-17.84580464
85050,-17.610319
85140,-17.74431916
85230,-17.703981860000003
85320,-17.59800392
85410,-17.73596934
85500,-17.84305526
85590,-17.91054762
85680,-18.031817359999998
85770,-17.83615416
85860,-18.05434392
85950,-17.96717418
86040,-17.92173284
86130,-18.128494
86220,-18.118349620000004
86310,-18.039995140000002
86400,-17.93325012
86490,-17.974813540000003
86580,-17.99979106
86670,-17.680734779999998
86760,-17.69247894
86850,-17.52894726
86940,-17.46495496
87030,-17.392166600000003
87120,-17.49900836
87210,-17.53462724
87300,-17.685194120000002
87390,-17.477429880000003
87480,-17.44187918
87570,-17.325376600000002
87660,-17.2241132
87750,-17.005606020000002
87840,-16.990890900000004
87930,-17.074255100000002
88020,-16.93447996
88110,-17.0719571
88200,-16.9715885
88290,-16.804985939999998
88380,-16.87291538
88470,-16.880339880000005
88560,-17.015373220000004
88650,-16.99113556
88740,-17.05875408
88830,-17.020465020000003
88920,-17.10450144
89010,-17.14178276
89100,-17.14322774
89190,-17.308755140000002
89280,-17.3731923
89370,-17.293499600000004
89460,-17.381914660000003
89550,-17.522428100000003
89640,-17.42274196
89730,-17.582863959999997
89820,-17.54977588
89910,-17.36267904
90000,-17.2404842
90090,-17.192008259999998
90180,-17.05754774
90270,-17.14761414
90360,-16.901728040000002
90450,-16.82310918
90540,-16.64971308
90630,-16.472076660000003
90720,-16.55243818
90810,-16.44416584
90900,-16.56765274
90990,-16.4952029
91080,-16.733786580000004
91170,-16.64741482
91260,-16.5598863
91350,-16.68824754
91440,-16.66973954
91530,-16.657218240000002
91620,-16.75025248
91710,-16.63807512
91800,-16.67233784
91890,-16.63721444
91980,-16.594825880000002
92070,-16.452614
92160,-16.577026240000002
92250,-16.528663260000002
92340,-16.54856534
92430,-16.48420178
92520,-16.53741292
92610,-16.413194880000002
92700,-16.39352582
92790,-16.500801539999998
92880,-16.42786186
92970,-16.42448218
93060,-16.3110775
93150,-16.36858764
93240,-16.39317464
93330,-16.545166
93420,-16.42550654
93510,-16.43855018
93600,-16.31875964
93690,-16.07410516
93780,-15.963725460000003
93870,-15.998957520000003
93960,-15.954181219999999
94050,-15.907022679999997
94140,-15.97513154
94230,-15.738650439999999
94320,-15.659479000000001
94410,-15.71877242
94500,-15.71929858
94590,-15.61643314
94680,-15.525626699999998
94770,-15.445768099999999
94860,-15.50981126
94950,-15.60715992
95040,-15.676275140000001
95130,-15.573874140000001
95220,-15.42146012
95310,-15.550156880000001
95400,-15.392539020000001
95490,-15.3901311
95580,-15.18740366
95670,-15.38686718
95760,-15.42206158
95850,-15.40074406
95940,-15.45396346
96030,-15.43427734
96120,-15.221391400000002
96210,-15.17566128
96300,-15.015457999999999
96390,-15.05437598
96480,-15.174510739999999
96570,-15.165435800000001
96660,-14.979212920000002
96750,-14.96587006
96840,-14.8316771
96930,-14.8348956
97020,-14.693126539999998
97110,-14.601399099999998
97200,-14.693848
97290,-14.60088098
97380,-14.46247436
97470,-14.390239620000001
97560,-14.41592118
97650,-14.39569926
97740,-14.316234620000001
97830,-14.21840604
97920,-14.29788508
98010,-14.135829580000001
98100,-14.241931660000002
98190,-14.447054660000001
98280,-14.3368729
98370,-14.3601724
98460,-14.361659120000002
98550,-14.280039360000002
98640,-14.293939060000001
98730,-14.25446516
98820,-14.18178234
98910,-14.214635860000001
99000,-14.133596960000002
99090,-14.223702860000001
99180,-14.267623980000002
99270,-14.28132084
99360,-14.239294959999999
99450,-14.108200300000002
99540,-14.04561178
99630,-14.1437536
99720,-14.12511898
99810,-14.01376622
99900,-14.0847701
99990,-14.117892359999999
100080,-13.960017899999999
100170,-13.767763740000001
100260,-13.780068300000002
100350,-13.912963040000001
100440,-13.8660061
100530,-13.81400442
100620,-13.76734032
100710,-13.81334116
100800,-13.87414884
100890,-13.84767868
100980,-13.746628320000001
101070,-13.710177980000001
101160,-13.780191619999998
101250,-13.8112427
101340,-13.78920454
101430,-13.68277054
101520,-13.7111509
101610,-13.86659062
101700,-13.69127276
101790,-13.714180520000001
101880,-13.80187546
101970,-13.73370104
102060,-13.59524906
102150,-13.53820858
102240,-13.519297380000001
102330,-13.403303380000002
102420,-13.287295780000001
102510,-13.270310719999998
102600,-13.210150979999998
102690,-13.09092608
102780,-13.17550172
102870,-13.09864442
102960,-12.965500019999999
103050,-12.985035719999999
103140,-12.90015908
103230,-12.859849419999998
103320,-12.831188199999998
103410,-12.69789942
103500,-12.71703218
103590,-12.66537918
103680,-12.7078287
103770,-12.7459929
103860,-12.75600174
103950,-12.7788821
104040,-12.83350858
104130,-12.954960719999999
104220,-12.971083839999999
104310,-12.96835278
104400,-12.93556072
104490,-12.881377599999999
104580,-12.88844068
104670,-12.920250880000001
104760,-12.92142074
104850,-12.66229466
104940,-12.63387792
105030,-12.70048284
105120,-12.939731740000001
105210,-12.87798138
105300,-12.805532799999998
105390,-12.7386255
105480,-12.68703566
105570,-12.645413240000002
105660,-12.79709278
105750,-12.68708086
105840,-12.897402440000002
105930,-12.923297360000001
106020,-12.81715074
106110,-12.594415320000001
106200,-12.706744800000001
106290,-12.626540960000002
106380,-12.53770042
106470,-12.57001034
106560,-12.56822336
106650,-12.58845624
106740,-12.60991712
106830,-12.66097942
106920,-12.743851560000001
107010,-12.7207443
107100,-12.689370299999998
107190,-12.65301188
107280,-12.617261899999999
107370,-12.56270382
107460,-12.74136474
107550,-12.60376798
107640,-12.55464038
107730,-12.4553681
107820,-12.523541260000002
107910,-12.532330380000003
108000,-12.500833400000001
108090,-12.414744119999998
108180,-12.34160444
108270,-12.23685546
108360,-12.23512382
108450,-12.1934008
108540,-12.215045000000002
108630,-12.172685100000002
108720,-12.179686260000002
108810,-12.211065640000003
108900,-12.173752680000002
108990,-12.119519819999999
109080,-12.14901636
109170,-12.22394068
109260,-12.111850220000001
109350,-12.09600842
109440,-12.11489928
109530,-11.90226132
109620,-11.68304858
109710,-11.62317328
109800,-11.65729242
109890,-11.64427222
109980,-11.59935016
110070,-11.652910819999999
110160,-11.44110892
110250,-11.573542960000001
110340,-11.47353274
110430,-11.39985396
110520,-11.445891580000001
110610,-11.54309022
110700,-11.49741186
110790,-11.516946460000002
110880,-11.436803140000002
110970,-11.424357740000001
111060,-11.376613320000002
111150,-11.38258166
111240,-11.35710406
111330,-11.4086785
111420,-11.3329478
111510,-11.37076502
111600,-11.294803400000001
111690,-11.292523300000001
111780,-11.234026779999999
111870,-11.34974338
111960,-11.16859402
112050,-11.11992328
112140,-11.11371508
112230,-11.22993338
112320,-11.21122218
112410,-11.18168286
112500,-11.17254158
112590,-11.19028034
112680,-11.109774299999998
112770,-11.08023852
112860,-11.07147466
112950,-11.108053420000001
113040,-10.945057820000002
113130,-10.76708962
113220,-10.739280079999999
113310,-10.68878864
113400,-10.672184060000003
113490,-10.629208500000003
113580,-10.617149940000001
113670,-10.4521812
113760,-10.447047180000002
113850,-10.63978846
113940,-10.596404759999999
114030,-10.74900784
114120,-10.724697840000001
114210,-10.78799562
114300,-10.776685819999999
114390,-10.794738259999999
114480,-10.772701099999999
114570,-10.7149649
114660,-10.71670144
114750,-10.60455262
114840,-10.65032244
114930,-10.66591026
115020,-10.599084220000002
115110,-10.53263652
115200,-10.49542722
115290,-10.473911820000001
115380,-10.512458360000002
115470,-10.48959104
115560,-10.48836932
115650,-10.55212498
115740,-10.4993872
115830,-10.412205900000002
115920,-10.439353100000002
116010,-10.397741960000001
116100,-10.3667093
116190,-10.44476846
116280,-10.361078180000002
116370,-10.2293383
116460,-10.2051655
116550,-10.32228974
116640,-10.33517666
116730,-10.262351520000001
116820,-10.16087276
116910,-10.0601722
117000,-9.96712858
117090,-9.95495356
117180,-9.96514898
117270,-9.99192988
117360,-9.94098536
117450,-9.9443012
117540,-10.0105775
117630,-9.88925342
117720,-9.848943039999998
117810,-9.80456598
117900,-9.87508844
117990,-9.92811846
118080,-9.95161114
118170,-10.019452659999999
118260,-10.00239352
118350,-9.76548074
118440,-9.679372819999998
118530,-9.600397580000001
118620,-9.622609
118710,-9.53386944
118800,-9.46996594
118890,-9.373364220000001
118980,-9.37224366
119070,-9.343992440000001
119160,-9.3621703
119250,-9.38240454
119340,-9.241146359999998
119430,-9.259653779999999
119520,-9.29860786
119610,-9.31659428
119700,-9.300264279999999
119790,-9.23064788
119880,-9.23530418
119970,-9.412343319999998
120060,-9.42496184
120150,-9.2046636
120240,-9.20734746
120330,-9.21557634
120420,-9.175208260000002
120510,-9.176844940000002
120600,-9.245669320000001
120690,-9.0893049
120780,-9.10346748
120870,-9.188829519999999
120960,-9.236937059999999
121050,-9.2830848
121140,-9.186633839999999
121230,-9.22822904
121320,-9.302140080000001
121410,-9.34685458
121500,-9.33065504
121590,-9.343719700000001
121680,-9.425102560000001
121770,-9.38525226
121860,-9.48566048
121950,-9.43292654
122040,-9.406682420000001
122130,-9.539227600000002
122220,-9.54794474
122310,-9.52962674
122400,-9.399094419999999
122490,-9.371661660000001
122580,-9.27241878
122670,-9.23542216
122760,-9.2103277
122850,-9.261740000000001
122940,-9.29164834
123030,-9.336073459999998
123120,-9.3086183
123210,-9.280070660000002
123300,-9.276726
123390,-9.36375496
123480,-9.359071259999999
123570,-9.451736519999999
123660,-9.43311804
123750,-9.470672740000001
123840,-9.501387520000002
123930,-9.4463015
124020,-9.429390759999999
124110,-9.39131552
124200,-9.31770964
124290,-9.40425274
124380,-9.32592164
124470,-9.23554414
124560,-9.33802716
124650,-9.464378219999999
124740,-9.489154339999999
124830,-9.48283038
124920,-9.465023299999999
125010,-9.3947934
125100,-9.315487560000001
125190,-9.32981532
125280,-9.344419959999998
125370,-9.298039399999999
125460,-9.2931518
125550,-9.187073920000001
125640,-9.23051056
125730,-9.1859452
125820,-9.122812600000001
125910,-9.125315680000002
126000,-9.22336212
126090,-9.24879422
126180,-9.19178314
126270,-9.26533432
126360,-9.20811456
126450,-9.14306814
126540,-9.161842900000002
126630,-9.075703760000001
126720,-9.07014996
126810,-9.111140520000001
126900,-9.121931060000001
126990,-9.03543804
127080,-9.05954658
127170,-9.026831860000001
127260,-9.06174632
127350,-9.001428959999998
127440,-9.022382480000001
127530,-9.015783260000001
127620,-8.97621372
127710,-9.002310900000001
127800,-8.94548738
127890,-8.87898714
127980,-8.87914504
128070,-8.88545664
128160,-8.88940778
128250,-8.823252440000001
128340,-8.80451878
128430,-8.88632516
128520,-8.888569760000001
128610,-8.91160282
128700,-8.975303839999999
128790,-8.8921792
128880,-8.93486622
128970,-8.94694988
129060,-8.86867646
129150,-8.811054559999999
129240,-8.76031508
129330,-8.68662812
129420,-8.72498176
129510,-8.82824508
129600,-8.883020599999998
129690,-8.91959216
129780,-8.92343152
129870,-8.91696616
129960,-8.94303072
130050,-8.942571979999999
130140,-8.947749439999999
130230,-8.97929224
130320,-9.02722504
130410,-9.02000544
130500,-8.988183300000001
130590,-8.932167480000002
130680,-9.00250644
130770,-9.01187258
130860,-9.013709259999999
130950,-9.03355202
131040,-8.97729096
131130,-8.93960194
131220,-8.905368939999999
131310,-8.881226059999998
131400,-9.095304659999998
131490,-9.2741778
131580,-9.23364978
131670,-9.234038420000001
131760,-9.225837120000001
131850,-9.25945156
131940,-9.23856488
132030,-9.249539339999998
132120,-9.264646619999997
132210,-9.414359379999999
132300,-9.51121398
132390,-9.603707100000001
132480,-9.55184754
132570,-9.507024340000001
132660,-9.439631760000001
132750,-9.449095100000001
132840,-9.364736400000002
132930,-9.383464020000002
133020,-9.380303999999999
133110,-9.425759719999999
133200,-9.383670619999998
133290,-9.51500512
133380,-9.4661665
133470,-9.389274440000001
133560,-9.36544778
133650,-9.367080060000001
133740,-9.35740622
133830,-9.35014932
133920,-9.331069760000002
134010,-9.274526860000002
134100,-9.20892552
134190,-9.249256639999999
134280,-9.230166780000001
134370,-9.277951280000002
134460,-9.17670344
134550,-9.12348522
134640,-9.132237159999999
134730,-9.0358617
134820,-9.04280192
134910,-9.053107160000001
135000,-9.073369800000002
135090,-9.0744871
135180,-8.97911448
135270,-8.920566
135360,-8.85603494
135450,-8.894232180000001
135540,-8.910088000000002
135630,-8.913105980000001
135720,-8.9957217
135810,-9.01736802
135900,-8.830073979999998
135990,-8.69388406
136080,-8.702395840000003
136170,-8.693818080000002
136260,-8.64738704
136350,-8.67544822
136440,-8.64954728
136530,-8.5913268
136620,-8.57516976
136710,-8.43119608
136800,-8.45975836
136890,-8.38165782
136980,-8.441636059999999
137070,-8.40357926
137160,-8.55902448
137250,-8.497471580000001
137340,-8.58214976
137430,-8.58830722
137520,-8.566643980000002
137610,-8.52681124
137700,-8.54468836
137790,-8.42532828
137880,-8.4195397
137970,-8.401567479999999
138060,-8.38444188
138150,-8.36766542
138240,-8.37189008
138330,-8.41851106
138420,-8.41245558
138510,-8.358282860000001
138600,-8.358687120000003
138690,-8.297019000000002
138780,-8.276092820000002
138870,-8.27709378
138960,-8.302897100000001
139050,-8.366035479999999
139140,-8.40347194
139230,-8.505175459999998
139320,-8.44142024
139410,-8.44063148
139500,-8.37316794
139590,-8.3465694
139680,-8.34874518
139770,-8.37511044
139860,-8.40473338
139950,-8.38249688
140040,-8.388747180000001
140130,-8.4164422
140220,-8.366969280000001
140310,-8.31798984
140400,-8.26013552
140490,-8.25305224
140580,-8.27248202
140670,-8.2813794
140760,-8.320109480000001
140850,-8.347303620000002
140940,-8.33540046
141030,-8.44761212
141120,-8.46465772
141210,-8.46603896
141300,-8.447623080000001
141390,-8.50170682
141480,-8.419974780000002
141570,-8.382116120000001
141660,-8.22103756
141750,-8.235914659999999
141840,-8.1980717
141930,-8.07096308
142020,-8.039906400000001
142110,-8.00146276
142200,-7.95483024
142290,-7.99920812
142380,-8.02346974
142470,-8.027954379999999
142560,-8.072459760000001
142650,-8.05751998
142740,-8.040290599999999
142830,-8.00177034
142920,-7.9332694
143010,-7.96329762
143100,-7.97187368
143190,-7.90240188
143280,-7.93202344
143370,-7.89629306
143460,-7.88147392
143550,-7.9195962600000005
143640,-7.888582820000001
143730,-7.76939146
143820,-7.776512080000001
143910,-7.75105036
144000,-7.79429076
144090,-7.79474088
144180,-7.84311554
144270,-7.798815680000001
144360,-7.791228
144450,-7.78243602
144540,-7.78379404
144630,-7.7610639400000005
144720,-7.782544980000001
144810,-7.90269826
144900,-7.909366439999999
144990,-7.9223183
145080,-7.868361920000001
145170,-7.8319346
145260,-7.805547440000001
145350,-7.701977080000001
145440,-7.71760102
145530,-7.65900556
145620,-7.605795219999999
145710,-7.57662528
145800,-7.5349407
145890,-7.46066172
145980,-7.52712292
146070,-7.54315756
146160,-7.545265659999999
146250,-7.589950379999999
146340,-7.57488724
146430,-7.65169646
146520,-7.58623392
146610,-7.5490318
146700,-7.593762860000001
146790,-7.54240706
146880,-7.639185840000001
146970,-7.615181119999999
147060,-7.52526576
147150,-7.56335464
147240,-7.56125722
147330,-7.5897212
147420,-7.584266820000001
147510,-7.607263380000001
147600,-7.614670460000001
147690,-7.669562340000001
147780,-7.65755472
147870,-7.64302494
147960,-7.630590400000001
148050,-7.60180856
148140,-7.549812739999999
148230,-7.6269019
148320,-7.630845020000001
148410,-7.61269662
148500,-7.5829203
148590,-7.56390734
148680,-7.604564300000001
148770,-7.595083520000001
148860,-7.51136932
148950,-7.490493979999999
149040,-7.48730456
149130,-7.54323006
149220,-7.493146919999999
149310,-7.409016139999999
149400,-7.4377006
149490,-7.49852406
149580,-7.47381776
149670,-7.4894794
149760,-7.5159722
149850,-7.57077764
149940,-7.56992272
150030,-7.53858446
150120,-7.543199560000001
150210,-7.584349180000001
150300,-7.593810220000001
150390,-7.56381136
150480,-7.4790274
150570,-7.52143228
150660,-7.52476222
150750,-7.48489054
150840,-7.49974726
150930,-7.441208820000001
151020,-7.563532240000001
151110,-7.60497064
151200,-7.63507282
151290,-7.69390756
151380,-7.5891671800000005
151470,-7.570201020000001
151560,-7.601579420000001
151650,-7.591073860000001
151740,-7.594945520000001
151830,-7.58370282
151920,-7.74771396
152010,-7.689337340000001
152100,-7.64971634
152190,-7.616498539999999
152280,-7.586642980000001
152370,-7.51876992
152460,-7.56809976
152550,-7.506109299999999
152640,-7.56310946
152730,-7.553335879999999
152820,-7.5020492999999995
152910,-7.50055284
153000,-7.478656460000001
153090,-7.47970258
153180,-7.420177859999999
153270,-7.4619613199999995
153360,-7.5421191
153450,-7.5052388
153540,-7.497809480000001
153630,-7.407090940000001
153720,-7.44654956
153810,-7.39270952
153900,-7.401696060000001
153990,-7.315061000000001
154080,-7.32173068
154170,-7.328203840000001
154260,-7.28736954
154350,-7.20336018
154440,-7.240006900000001
154530,-7.169777600000001
154620,-7.247658520000001
154710,-7.24324102
154800,-7.16720856
154890,-7.195002280000001
154980,-7.2853697
155070,-7.26173202
155160,-7.3201471
155250,-7.300476459999999
155340,-7.331854559999999
155430,-7.3522428799999995
155520,-7.347465659999999
155610,-7.367240379999999
155700,-7.292578499999999
155790,-7.231492680000001
155880,-7.2716886
155970,-7.28818682
156060,-7.3040009999999995
156150,-7.348798639999999
156240,-7.3047714599999995
156330,-7.2723993
156420,-7.0748759
156510,-7.10919414
156600,-7.1354041
156690,-7.118344260000001
156780,-7.150605980000001
156870,-7.150762520000001
156960,-7.0711401
157050,-7.0572031
157140,-7.0359798399999995
157230,-7.031248359999999
157320,-7.03533028
157410,-7.029657640000001
157500,-7.063339920000001
157590,-7.06275964
157680,-7.007972360000001
157770,-7.036952440000001
157860,-7.01241378
157950,-7.056998439999999
158040,-7.10079686
158130,-7.1128911200000005
158220,-7.09864648
158310,-7.119072979999999
158400,-7.036264420000001
158490,-7.074488100000001
158580,-7.12915614
158670,-7.16419324
158760,-7.18774598
158850,-7.2357397400000005
158940,-7.185126980000001
159030,-7.2963541
159120,-7.19743708
159210,-7.147830020000001
159300,-7.1622433800000005
159390,-7.14142814
159480,-7.066469
159570,-7.0090087
159660,-6.944434960000001
159750,-6.966105380000001
159840,-6.9771968200000005
159930,-6.93267032
160020,-6.841912799999999
160110,-6.77937402
160200,-6.822754860000001
160290,-6.795346460000001
160380,-6.736158179999999
160470,-6.780691320000001
160560,-6.6924119200000005
160650,-6.595595459999999
160740,-6.6195523199999995
160830,-6.605859079999999
160920,-6.65927678
161010,-6.65165132
161100,-6.6575652
161190,-6.675360240000001
161280,-6.686395480000001
161370,-6.71170718
161460,-6.90664606
161550,-6.9267594
161640,-6.86640004
161730,-6.83535542
161820,-6.87541942
161910,-6.8724224
162000,-6.8644158399999995
162090,-6.8989257
162180,-6.90106432
162270,-6.894828799999999
162360,-6.92139466
162450,-6.87847396
162540,-6.7741466400000006
162630,-6.8031967600000005
162720,-6.779840760000001
162810,-6.751615760000001
162900,-6.851516020000001
162990,-6.7572678
163080,-6.69412888
163170,-6.591001200000001
163260,-6.497230060000001
163350,-6.501624
163440,-6.50080772
163530,-6.50323534
163620,-6.511833340000001
163710,-6.541412760000001
163800,-6.524370880000001
163890,-6.54409706
163980,-6.52774884
164070,-6.5830255200000005
164160,-6.481014
164250,-6.4276284
164340,-6.621888800000001
164430,-6.596054960000001
164520,-6.654579920000001
164610,-6.72545908
164700,-6.6980119
164790,-6.7540609
164880,-6.7259329800000005
164970,-6.708724020000001
165060,-6.7734356600000005
165150,-6.79189464
165240,-6.746047740000001
165330,-6.7331437
165420,-6.741653200000001
165510,-6.742631960000001
165600,-6.683495580000001
165690,-6.68616338
165780,-6.604968660000001
165870,-6.586512720000001
165960,-6.494468520000001
166050,-6.492426520000001
166140,-6.56062442
166230,-6.59997406
166320,-6.68760056
166410,-6.68623306
166500,-6.652665819999999
166590,-6.61676774
166680,-6.6327026600000005
166770,-6.53004144
166860,-6.44514178
166950,-6.49032208
167040,-6.5076475799999995
167130,-6.477789700000001
167220,-6.4856260400000005
167310,-6.50462572
167400,-6.49003228
167490,-6.549073079999999
167580,-6.570972959999999
167670,-6.64647332
167760,-6.74193658
167850,-6.7410559800000005
167940,-6.732612120000001
168030,-6.657663220000001
168120,-6.61726638
168210,-6.660168
168300,-6.67799002
168390,-6.706360780000001
168480,-6.7577074
168570,-6.69135542
168660,-6.75771158
168750,-6.8435293999999995
168840,-6.609757139999999
168930,-6.68448726
169020,-6.61719296
169110,-6.58916666
169200,-6.58101944
169290,-6.567720940000001
169380,-6.62880292
169470,-6.546614160000001
169560,-6.47172938
169650,-6.464933019999999
169740,-6.53705888
169830,-6.587834180000001
169920,-6.56138422
170010,-6.59241244
170100,-6.626092660000001
170190,-6.702057420000001
170280,-6.734815220000001
170370,-6.75587428
170460,-6.678599439999999
170550,-6.663190360000001
170640,-6.66540528
170730,-6.610907999999999
170820,-6.5314915
170910,-6.50418404
171000,-6.457962200000001
171090,-6.58670842
171180,-6.56054508
171270,-6.613458359999999
171360,-6.7450357
171450,-6.68821662
171540,-6.71580778
171630,-6.70554932
171720,-6.678430839999999
171810,-6.6995976200000005
171900,-6.7409646400000005
171990,-6.73345954
172080,-6.74879008
172170,-6.72259052
172260,-6.64785856
172350,-6.6088698400000006
172440,-6.5489707600000004
172530,-6.51820338
172620,-6.56697618
172710,-6.533046
172800,-6.485048720000001
172890,-6.50622592
172980,-6.541195699999999
173070,-6.59956512
173160,-6.575444780000001
173250,-6.52219908
173340,-6.4773645
173430,-6.396332500000001
173520,-6.4528648
173610,-6.358100459999999
173700,-6.3696375000000005
173790,-6.34980466
173880,-6.305162
173970,-6.32941974
174060,-6.43277322
174150,-6.46411402
174240,-6.63123954
174330,-6.62281762
174420,-6.669660800000001
174510,-6.64054762
174600,-6.68372174
174690,-6.590017560000001
174780,-6.64308622
174870,-6.632470540000001
174960,-6.654608260000001
175050,-6.67770764
175140,-6.62350108
175230,-6.6541703199999995
175320,-6.625262060000001
175410,-6.6313246800000005
175500,-6.654004540000001
175590,-6.488442739999999
175680,-6.5160534
175770,-6.52131426
175860,-6.48119084
175950,-6.4670308599999995
176040,-6.478164860000001
176130,-6.54810166
176220,-6.4932511
176310,-6.448586580000001
176400,-6.352542100000001
176490,-6.371726499999999
176580,-6.33435688
176670,-6.36989436
176760,-6.41540642
176850,-6.5238557
176940,-6.5565911
177030,-6.66272728
177120,-6.6873841
177210,-6.634750080000001
177300,-6.726191539999999
177390,-6.6458471999999995
177480,-6.620599139999999
177570,-6.632631879999999
177660,-6.6958295
177750,-6.7752854199999994
177840,-6.94203622
177930,-6.9119211
178020,-6.849407279999999
178110,-6.904030980000001
178200,-6.964312980000001
178290,-6.9617321
178380,-6.927994539999999
178470,-6.999540919999999
178560,-6.90851682
178650,-6.83852416
178740,-6.62704032
178830,-6.632308180000001
178920,-6.58342938
179010,-6.583640180000001
179100,-6.563706540000001
179190,-6.59874924
179280,-6.562076399999999
179370,-6.557928779999998
179460,-6.53488054
179550,-6.46936196
179640,-6.452861959999999
179730,-6.421982999999999
179820,-6.443388339999999
179910,-6.50545128
180000,-6.542999859999999
180090,-6.59119162
180180,-6.58254886
180270,-6.577660379999999
180360,-6.57730884
180450,-6.66333148
180540,-6.618798740000001
180630,-6.51862982
180720,-6.725458960000001
180810,-6.73876228
180900,-6.7536918
180990,-6.730503820000001
181080,-6.775977520000001
181170,-6.72067116
181260,-6.74303368
181350,-6.70702938
181440,-6.74467684
181530,-6.661853040000001
181620,-6.601657100000001
181710,-6.674452360000001
181800,-6.64135496
181890,-6.620805719999999
181980,-6.590153679999999
182070,-6.61404836
182160,-6.5832782000000005
182250,-6.542011680000001
182340,-6.385422940000001
182430,-6.501367240000001
182520,-6.5477613
182610,-6.5533876
182700,-6.48482282
182790,-6.44422136
182880,-6.469013400000001
182970,-6.4362066
183060,-6.468707379999999
183150,-6.49656864
183240,-6.531099
183330,-6.606140640000001
183420,-6.6340939400000005
183510,-6.679220760000001
183600,-6.644761200000001
183690,-6.617508000000001
183780,-6.60931066
183870,-6.603741760000001
183960,-6.625061800000001
184050,-6.7199022400000015
184140,-6.713393900000001
184230,-6.70634784
184320,-6.65070834
184410,-6.624330380000001
184500,-6.558370880000001
184590,-6.5075603399999995
184680,-6.471870920000001
184770,-6.47193214
184860,-6.4478981399999995
184950,-6.36850478
185040,-6.439568840000001
185130,-6.467450640000001
185220,-6.354197360000001
185310,-6.382154379999999
185400,-6.316781219999999
185490,-6.29266966
185580,-6.2870819
185670,-6.2538719799999996
185760,-6.2258624
185850,-6.12809932
185940,-6.0761804999999995
186030,-6.055508180000001
186120,-6.18287314
186210,-6.08539728
186300,-6.055609340000001
186390,-6.129947060000001
186480,-6.129617260000001
186570,-6.145162679999999
186660,-6.171434059999999
186750,-6.0875135600000005
186840,-6.06376002
186930,-6.04347088
187020,-6.061584680000001
187110,-6.00441158
187200,-5.9848994200000005
187290,-6.047944380000001
187380,-6.0214422800000005
187470,-6.016995920000001
187560,-6.075018740000001
187650,-6.10961012
187740,-6.084956200000001
187830,-5.972792640000001
187920,-5.9931945
188010,-5.9894311
188100,-5.92459326
188190,-5.9660008
188280,-6.0040754199999995
188370,-6.0250552
188460,-6.019244079999999
188550,-5.929625519999999
188640,-5.93627316
188730,-5.95402598
188820,-6.00251138
188910,-5.958808499999999
189000,-5.9857264
189090,-6.01902078
189180,-6.08756328
189270,-6.04215426
189360,-5.9806089600000005
189450,-6.0293754
189540,-5.9733556000000005
189630,-5.966619760000001
189720,-5.897357500000001
189810,-5.854691900000001
189900,-5.89569044
189990,-5.92576866
190080,-5.95729212
190170,-6.064523760000001
190260,-6.07668184
190350,-6.08358516
190440,-6.07473854
190530,-6.10853934
190620,-5.9687444
190710,-5.976687739999999
190800,-6.040670380000001
190890,-6.04989166
190980,-6.01476628
191070,-5.92903476
191160,-5.92362284
191250,-5.96882178
191340,-6.03659978
191430,-6.01755802
191520,-5.99730982
191610,-6.01153474
191700,-6.040069159999999
191790,-6.01738784
191880,-6.060241319999999
191970,-5.997903419999999
192060,-5.99994082
192150,-6.00286372
192240,-6.004447119999999
192330,-6.013674239999999
192420,-5.96996318
192510,-5.86123492
192600,-5.91393692
192690,-5.837613760000001
192780,-5.801150740000001
192870,-5.8423992600000005
192960,-5.76697382
193050,-5.8290016399999995
193140,-5.821078839999999
193230,-5.80026072
193320,-5.78349216
193410,-5.78679654
193500,-5.82213318
193590,-5.81268266
193680,-5.8042183000000005
193770,-5.839549959999999
193860,-5.9416412
193950,-5.910355040000001
194040,-5.908059340000001
194130,-5.968947680000001
194220,-5.968987320000001
194310,-5.95969746
194400,-5.99248606
194490,-5.9825827600000006
194580,-5.946926100000001
194670,-5.889879220000001
194760,-5.832272140000001
194850,-5.8746544400000005
194940,-5.89653328
195030,-5.9346601
195120,-6.02086188
195210,-6.09815706
195300,-6.039854480000001
195390,-6.0042945
195480,-5.985930300000001
195570,-5.981744600000001
195660,-5.91584392
195750,-5.8917756
195840,-5.894849440000001
195930,-5.8450479799999995
196020,-5.81855458
196110,-5.8194912400000005
196200,-5.748838999999999
196290,-5.7355434999999995
196380,-5.77215834
196470,-5.84444944
196560,-5.74670916
196650,-5.7317196599999995
196740,-5.698105580000001
196830,-5.726906100000001
196920,-5.72074248
197010,-5.8005514
197100,-5.7661268
197190,-5.80076602
197280,-5.79638106
197370,-5.6777294000000005
197460,-5.679591140000001
197550,-5.626699660000001
197640,-5.70432598
197730,-5.673667640000001
197820,-5.67899304
197910,-5.728532800000001
198000,-5.70722164
198090,-5.71600274
198180,-5.61842166
198270,-5.59325282
198360,-5.537824260000001
198450,-5.513786260000001
198540,-5.494931360000001
198630,-5.48191784
198720,-5.57667952
198810,-5.689897919999999
198900,-5.71839822
198990,-5.711526780000001
199080,-5.740174680000001
199170,-5.76357276
199260,-5.77495064
199350,-5.72972526
199440,-5.741741319999999
199530,-5.69145676
199620,-5.7171639800000005
199710,-5.662142139999999
199800,-5.62470066
199890,-5.63020958
199980,-5.6460115
200070,-5.64403344
200160,-5.6755042399999995
200250,-5.647051920000001
200340,-5.57797146
200430,-5.58457634
200520,-5.608016060000001
200610,-5.66001986
200700,-5.678403100000001
